Country,Year,Population,External Cost,Share External Cost,GDP [million Euro],GrDP per capita
Belgium,2000,10239085,126650.9641,49.40039883,256376.4,12669.6317
Bulgaria,2000,8190876,80106.705,554.7555748,14440,-8017.055197
Czechia,2000,10278098,96289.11811,143.6454229,67032.5,-2846.501182
Denmark,2000,5330020,24463.60292,13.74219977,178018.1,28809.36602
Germany,2000,82163475,506032.3303,23.99292256,2109090,19510.58752
Estonia,2000,1401250,5122.71192,83.00460043,6171.6,748.5374344
Ireland,2000,3777565,29751.46629,27.42189412,108495.3,20845.13005
Greece,2000,10775627,83427.5063,58.35070662,142976,5526.220767
Spain,2000,40470182,293482.2003,45.30087942,647851,8756.2937
France,2000,60545022,408345.5168,27.61731769,1478585,17676.75439
Croatia,2000,4497735,32596.52743,137.7735262,23659.5,-1987.006222
Italy,2000,56923524,602515.6194,48.53075786,1241512.9,11225.53974
Cyprus,2000,690497,3151.89156,29.1717561,10804.6,11082.8989
Latvia,2000,2381715,11444.69802,132.5799384,8632.3,-1180.828949
Lithuania,2000,3512074,4833.23004,38.74115312,12475.7,2176.056074
Luxembourg,2000,433600,6168.02999,26.83385535,22986,38786.8312
Hungary,2000,10221644,88053.25185,171.8497845,51238.5,-3601.646844
Malta,2000,388759,915.82857,20.75579209,4412.4,8994.187736
Netherlands,2000,15863950,114221.0664,25.26975608,452007,21292.67513
Austria,2000,8002186,44150.26706,20.66897171,213606.5,21176.24271
Poland,2000,38263303,207094.4885,110.9011553,186737.9,-532.0133615
Portugal,2000,10249022,65985.63808,51.38492107,128414.4,6091.192108
Romania,2000,22455485,112592.0308,277.3551132,40594.9,-3206.215802
Slovenia,2000,1987755,27151.89446,124.1694919,21866.8,-2658.825892
Slovakia,2000,5398657,40896.33265,182.6617982,22389.1,-3428.117891
Finland,2000,5171302,16171.28696,11.85213275,136442,23257.33694
Sweden,2000,8861426,13370.35643,4.688880366,285150.3,30670.00092
Norway,2000,4478497,13619.69715,7.330757543,185788.4,38443.41145
Switzerland,2000,7164444,39054.30623,12.87415614,303354.3,36890.5101
United Kingdom,2000,58785246,471999.1093,26.25002401,1798090.2,22558.22984
Belgium,2001,10263414,122340.4078,46.2823516,264334.9,13835.01554
Bulgaria,2001,8149468,77572.53543,487.7150097,15905.3,-7567.0259
Czechia,2001,10232027,92859.41968,122.6592357,75705.2,-1676.522128
Denmark,2001,5349212,24223.68231,13.1617829,184045.6,29877.65631
Germany,2001,82259540,494844.5898,22.77723723,2172540,20395.147
Estonia,2001,1392720,5149.94977,73.70654163,6987.1,1319.109534
Ireland,2001,3832783,29683.25717,24.31276245,122089.2,24109.35939
Greece,2001,10835989,77046.35154,50.62384377,152193.8,6934.987518
Spain,2001,40665545,277058.672,39.52374303,700993,10424.90216
France,2001,60979315,392384.3685,25.50932054,1538200,18790.23455
Croatia,2001,4295406,32370.22516,124.7537322,25947.3,-1495.301064
Italy,2001,56960692,576908.0465,44.23677382,1304136.8,12767.20363
Cyprus,2001,697549,3042.94894,26.22576201,11602.9,12271.46919
Latvia,2001,2353384,11636.09284,124.1262677,9374.4,-961.0385895
Lithuania,2001,3486998,5299.20074,38.78050393,13664.6,2399.026114
Luxembourg,2001,439000,6522.44906,27.31355265,23879.9,39538.61262
Hungary,2001,10200298,83774.91311,139.5948423,60012.9,-2329.541069
Malta,2001,391415,964.57645,21.12750958,4565.5,9199.758696
Netherlands,2001,15987075,111875.853,23.21648975,481881,23144.01772
Austria,2001,8020946,45195.53208,20.49450701,220525.1,21858.96376
Poland,2001,38253955,200484.132,94.19737345,212834.1,322.841599
Portugal,2001,10330774,65845.85707,48.49630423,135775,6769.012944
Romania,2001,22430457,107279.5375,237.6406345,45143.6,-2770.15923
Slovenia,2001,1990094,25881.85249,111.324105,23249.1,-1322.928711
Slovakia,2001,5378783,41198.3954,172.3075701,23909.8,-3214.220652
Finland,2001,5181115,17094.90633,11.81991477,144628,24614.98995
Sweden,2001,8882792,13001.1633,4.805909742,270524.5,28991.26048
Norway,2001,4503436,13373.48783,6.880697004,194362.4,40189.07167
Switzerland,2001,7204055,37888.28672,11.8067834,320902.7,39285.43206
United Kingdom,2001,58999781,460642.2,25.16390136,1830567.5,23219.15907
Belgium,2002,10309725,117654.6176,43.05656989,273255.9,15092.67051
Bulgaria,2002,7868815,75346.55935,431.0863147,17478.3,-7354.126301
Czechia,2002,10201182,89267.31252,102.1853845,87358.2,-187.1462072
Denmark,2002,5368354,23930.213,12.60845945,189794.9,30896.74917
Germany,2002,82440309,478287.4418,21.75893226,2198120,20861.54915
Estonia,2002,1383510,4992.97879,63.82761217,7822.6,2045.248108
Ireland,2002,3899702,26345.04172,19.37169606,135997.6,28118.1891
Greece,2002,10888274,76134.87262,46.57683837,163460.8,8020.180919
Spain,2002,41035278,285441.3799,38.08159807,749552,11310.03962
France,2002,61424036,374217.1039,23.56784666,1587829,19757.93151
Croatia,2002,4305494,31814.61536,110.6603015,28749.8,-711.8382606
Italy,2002,56987507,515112.651,38.1491765,1350258.9,14654.90057
Cyprus,2002,705539,3029.93206,25.07619909,12082.9,12831.27926
Latvia,2002,2320956,11734.3102,115.3963653,10168.7,-674.55402
Lithuania,2002,3454637,5385.7709,35.5419011,15153.3,2827.367709
Luxembourg,2002,444050,6409.8266,25.6279276,25011.1,41890.04256
Hungary,2002,10174853,70515.28045,98.27078179,71756.1,121.9496291
Malta,2002,394641,973.41583,20.53230041,4740.9,9546.611148
Netherlands,2002,16105285,107970.8142,21.54516912,501137,24412.2464
Austria,2002,8063640,45985.42747,20.2815564,226735.2,22415.407
Poland,2002,38242197,193196.2748,91.75354994,210560,454.0462267
Portugal,2002,10394669,66969.84409,46.97848054,142554.3,7271.463469
Romania,2002,21833483,109557.2333,224.9833832,48695.7,-2787.532036
Slovenia,2002,1994026,24306.21606,97.33231912,24972.4,334.0898965
Slovakia,2002,5378951,35310.61401,134.0534383,26340.7,-1667.595412
Finland,2002,5194901,17004.0817,11.45163968,148486,25309.8025
Sweden,2002,8909128,12843.9569,4.528466039,283627.1,30393.89973
Norway,2002,4524066,13045.77366,6.275071696,207898.4,43070.24397
Switzerland,2002,7255653,35749.87045,10.84830748,329543.3,40491.65934
United Kingdom,2002,59239564,427660.2107,22.64310379,1888699.6,24663.23671
Belgium,2003,10355844,116291.0683,41.35525803,281200.2,15924.258
Bulgaria,2003,7805506,82473.06682,438.7261977,18798.3,-8157.673163
Czechia,2003,10192649,88753.19447,100.105679,88659.5,-9.192357159
Denmark,2003,5383507,25104.47594,12.98372614,193353.4,31252.66189
Germany,2003,82536680,464892.4008,21.02092183,2211570,21162.44074
Estonia,2003,1375190,5066.07152,57.93503865,8744.4,2674.77838
Ireland,2003,3964191,24537.80671,16.85562132,145576.4,30532.98726
Greece,2003,10915770,76556.90871,42.79195746,178904.9,9376.158648
Spain,2003,41827838,271734.5391,33.87087812,802266,12683.69312
France,2003,61864088,366371.0532,22.46757173,1630666,20436.65376
Croatia,2003,4305384,33322.5285,107.5169991,30992.8,-541.1197933
Italy,2003,57130506,524076.2008,37.57645056,1394693.2,15239.09134
Cyprus,2003,713720,3033.12501,23.56502459,12871.3,13784.3622
Latvia,2003,2299390,12451.08424,118.5862722,10499.6,-848.6964978
Lithuania,2003,3431497,5070.7672,30.45469244,16650.2,3374.455172
Luxembourg,2003,448300,6718.60711,25.61684623,26227.3,43517.04861
Hungary,2003,10142362,73386.89975,97.27488872,75442.8,202.7042862
Malta,2003,397296,984.84888,20.41772323,4823.5,9661.942532
Netherlands,2003,16192572,105708.836,20.6136456,512810,25141.2292
Austria,2003,8100273,48259.02077,20.81363772,231862.5,22666.33226
Poland,2003,38218531,192666.329,100.0593237,192552.1,-2.988838059
Portugal,2003,10444592,59863.11976,40.98307688,146067.9,8253.532569
Romania,2003,21627509,121937.5667,238.5856887,51108.5,-3274.952594
Slovenia,2003,1995033,24052.00896,91.63542798,26247.5,1100.478559
Slovakia,2003,5374873,34296.78341,113.8705453,30119.1,-777.2617902
Finland,2003,5206295,17836.03859,11.75364489,151749,25721.3549
Sweden,2003,8940788,13250.89982,4.472039777,296305.5,31658.79788
Norway,2003,4552252,12591.55113,6.219217005,202462,41709.12526
Switzerland,2003,7313853,35463.39025,11.03350001,321415.6,39097.34168
United Kingdom,2003,59501394,423584.889,23.33380904,1815326.8,23390.07236
Belgium,2004,10396421,116767.5413,39.33955237,296819.7,17318.66752
Bulgaria,2004,7745147,77009.78536,365.0929464,21093.2,-7219.564117
Czechia,2004,10195347,87174.21938,90.28536269,96554.1,920.0158288
Denmark,2004,5397640,23776.54707,11.74601752,202422.2,33096.99293
Germany,2004,82531671,449266.705,19.8569164,2262520,21970.39358
Estonia,2004,1366250,5133.75006,52.50575362,9777.5,3398.90206
Ireland,2004,4028851,23639.95055,15.12857108,156260.3,32917.66051
Greece,2004,10940369,77604.31096,40.06090931,193715.8,10613.12366
Spain,2004,42547451,272550.7997,31.71271422,859437,13793.6865
France,2004,62292241,354322.8066,20.79336008,1704019,21667.16387
Croatia,2004,4305725,31925.3049,94.52627731,33774,429.3574485
Italy,2004,57495900,491320.1913,33.83004638,1452319,16714.21456
Cyprus,2004,722893,2607.91867,18.71098709,13937.9,15673.10975
Latvia,2004,2276520,13470.37667,114.895741,11724,-767.1255557
Lithuania,2004,3398929,5258.86398,28.86408982,18219.4,3813.123493
Luxembourg,2004,454960,7394.40235,26.23114486,28189.4,45707.30976
Hungary,2004,10116742,64803.31037,77.23920926,83899.5,1887.582942
Malta,2004,399867,1019.97753,20.77178091,4910.4,9729.291164
Netherlands,2004,16258032,104241.0242,19.6946498,529286,26143.69167
Austria,2004,8142573,46931.65251,19.36537311,242348.3,23999.37311
Poland,2004,38190608,190095.6999,92.2230577,206126,419.7445636
Portugal,2004,10473050,59714.13712,39.2215203,152248.4,8835.464634
Romania,2004,21521142,126301.5289,209.1015676,60402,-3062.083269
Slovenia,2004,1996433,22788.20141,82.29164167,27692,2456.280071
Slovakia,2004,5371875,32661.76528,93.96986935,34757.7,390.1681852
Finland,2004,5219732,16986.2566,10.69946497,158758,27160.73228
Sweden,2004,8975670,13551.02416,4.368733247,310182,33048.33799
Norway,2004,4577457,12415.61115,5.828030696,213032.7,43827.19245
Switzerland,2004,7364148,35203.18667,10.77712135,326647.4,39576.09398
United Kingdom,2004,59793759,395791.8353,20.38834548,1941265.1,25846.73201
Belgium,2005,10445852,109894.5775,35.44556452,310037.6,19160.04769
Bulgaria,2005,7688573,76439.08239,317.9675556,24039.9,-6815.20256
Czechia,2005,10198855,83638.73529,75.81349389,110321.7,2616.270622
Denmark,2005,5411405,22848.31772,10.73535689,212832.4,35108.08788
Germany,2005,82500849,435713.2844,19.04083295,2288310,22455.48668
Estonia,2005,1358850,5112.14999,45.06757284,11343.3,4585.605483
Ireland,2005,4111672,23853.75147,14.00634119,170306.8,35618.85494
Greece,2005,10969912,78040.6028,39.16869199,199242.3,11048.55693
Spain,2005,43296338,267288.6798,28.82263031,927357,15245.3614
France,2005,62772870,340049.1012,19.25636437,1765905,22714.52458
Croatia,2005,4310861,32214.78018,87.53754692,36801.1,1063.898794
Italy,2005,57874753,496722.9731,33.25597441,1493635.3,17225.3405
Cyprus,2005,733067,2394.27644,15.92013219,15039.3,17249.47864
Latvia,2005,2249724,12930.78266,93.75635453,13791.9,382.7657704
Lithuania,2005,3355220,5789.36733,27.59482805,20979.9,4527.432678
Luxembourg,2005,461230,7516.15079,24.82134272,30281,49356.82677
Hungary,2005,10097549,54088.81615,59.36591138,91110.9,3666.442604
Malta,2005,402668,1129.99529,21.93271268,5152.1,9988.637562
Netherlands,2005,16305526,102024.5142,18.52017837,550883,27527.99792
Austria,2005,8201359,47216.02183,18.58349772,254075,25222.52448
Poland,2005,38173835,190055.1573,77.19016626,246216.8,1471.207771
Portugal,2005,10494672,60405.00163,38.09774392,158552.7,9352.145391
Romania,2005,21382354,130179.2227,164.3181196,79223.9,-2383.054865
Slovenia,2005,1997590,23304.16601,80.02172222,29122.3,2912.57665
Slovakia,2005,5372685,35422.4375,89.8969061,39403.4,740.9633172
Finland,2005,5236611,14492.67461,8.800132743,164687,28681.58918
Sweden,2005,9011392,13136.46138,4.160072742,315774.8,33583.97222
Norway,2005,4606363,12622.34553,5.080179281,248462.6,51198.79924
Switzerland,2005,7415102,35109.37935,10.38070124,338217.8,40877.17481
United Kingdom,2005,60182050,377505.7189,18.53060829,2037200.9,27577.91038
Belgium,2006,10511382,107233.5569,32.97956703,325151.5,20731.61675
Bulgaria,2006,7629371,75976.56299,277.1855636,27410,-6365.736178
Czechia,2006,10223577,83798.77405,67.26438182,124581.2,3989.056467
Denmark,2006,5427459,23809.77805,10.55719452,225531.3,37166.844
Germany,2006,82437995,434555.9615,18.2197646,2385080,23660.49827
Estonia,2006,1350700,4572.21749,33.69630176,13568.9,6660.755542
Ireland,2006,4208156,22745.35013,12.30035558,184916.2,38537.2714
Greece,2006,11004716,75759.58912,34.77418192,217861.6,12912.82854
Spain,2006,44009971,255493.7692,25.45207364,1003823,17003.62926
France,2006,63229635,318790.414,17.2491541,1848151,24187.40178
Croatia,2006,4312487,30610.08637,75.51315092,40536.1,2301.691258
Italy,2006,58064214,492364.4565,31.71048124,1552686.8,18261.20205
Cyprus,2006,744013,2293.61884,14.10260111,16263.8,18776.79713
Latvia,2006,2227874,12852.40742,74.02138685,17363.1,2024.662337
Lithuania,2006,3289835,5848.03731,24.31282739,24053.3,5533.792026
Luxembourg,2006,469086,7111.52984,20.80915827,34175,57694.04791
Hungary,2006,10076581,51909.71187,56.32863712,92155.1,3993.952724
Malta,2006,404999,1145.99706,21.21038423,5403,10511.14432
Netherlands,2006,16334210,101129.1681,17.30046362,584546,29595.36041
Austria,2006,8254298,46758.61538,17.45867737,267824.5,26781.91224
Poland,2006,38157055,198582.5052,72.34290543,274501.7,1989.65027
Portugal,2006,10511988,56145.97264,33.76988078,166260.5,10475.13823
Romania,2006,21257016,131522.8333,135.2898437,97215.6,-1613.925177
Slovenia,2006,2003358,20149.99661,64.01681469,31476.1,5653.559369
Slovakia,2006,5372928,32596.14194,71.47963234,45602,2420.627647
Finland,2006,5255580,15713.25162,9.088215307,172897,29907.97369
Sweden,2006,9047752,11880.81604,3.52214949,337317.2,35968.75599
Norway,2006,4640219,12140.17441,4.407961672,275414.7,56737.52157
Switzerland,2006,7459128,34691.54762,9.806348832,353766.2,42776.40126
United Kingdom,2006,60620361,364299.6974,16.88657305,2157333.5,29578.0786
Belgium,2007,10584534,101637.7792,29.57863469,343618.9,22861.76424
Bulgaria,2007,7572673,78662.72512,242.4531897,32444.5,-6103.290756
Czechia,2007,10254233,83810.85712,60.29466974,139002.1,5382.288747
Denmark,2007,5447084,23113.03937,9.903467545,233383.3,38602.35323
Germany,2007,82314906,423554.9838,16.9452495,2499550,25220.15899
Estonia,2007,1342920,5588.64086,34.0743774,16401.3,8051.603327
Ireland,2007,4340118,21766.22365,11.04495353,197069.4,40391.33875
Greece,2007,11036008,75233.3773,32.33138083,232694.6,14267.95112
Spain,2007,44784666,254371.975,23.65065097,1075539,18335.89705
France,2007,63645065,304088.9095,15.66370532,1941360,25725.02818
Croatia,2007,4313530,30871.77312,69.74638607,44262.9,3104.447374
Italy,2007,58223744,506605.9361,31.37190055,1614839.8,19034.0536
Cyprus,2007,757916,2286.29881,12.99690645,17591.1,20193.26837
Latvia,2007,2208840,13021.55584,57.13338675,22791.5,4423.110846
Lithuania,2007,3249983,5835.6285,20.11508831,29011.2,7130.982377
Luxembourg,2007,476187,6503.02324,17.27602284,37641.9,65392.11856
Hungary,2007,10066158,50769.64227,49.55824064,102444.4,5133.513475
Malta,2007,405616,1175.82678,20.30683695,5790.3,11376.45759
Netherlands,2007,16357992,98543.32902,15.91539141,619170,31827.05255
Austria,2007,8282984,45296.88534,15.95084314,283978,28815.83674
Poland,2007,38125479,194040.0825,61.8260741,313848.3,3142.47114
Portugal,2007,10532588,52897.47507,30.14386265,175483.4,11638.72782
Romania,2007,21130503,122489.4275,95.97078126,127632,243.371985
Slovenia,2007,2010377,20824.11404,59.37278584,35073.5,7087.917321
Slovakia,2007,5373180,29911.5704,53.09183891,56339.3,4918.452313
Finland,2007,5276955,16009.85882,8.558126721,187072,32416.82773
Sweden,2007,9113257,12250.46163,3.412906773,358945.1,38042.89052
Norway,2007,4681134,12306.93606,4.1979268,293167,59998.29613
Switzerland,2007,7508739,33874.48481,9.39258115,360651.5,43519.5597
United Kingdom,2007,61073279,342754.4793,15.17126146,2259235.2,31380.02007
Belgium,2008,10666866,94872.58878,26.97212505,351743.1,24081.16041
Bulgaria,2008,7518002,68535.33503,184.1471532,37217.7,-4165.685914
Czechia,2008,10343422,77685.01803,47.93462975,162064.5,8157.791683
Denmark,2008,5475791,22037.93502,9.121152179,241613.5,40099.33268
Germany,2008,82217837,414526.0887,16.27833169,2546490,25930.67379
Estonia,2008,1338440,4942.11774,29.73936696,16618.1,8723.575401
Ireland,2008,4457765,20423.57611,10.90519487,187283,37431.18444
Greece,2008,11060937,71268.58523,29.45099691,241990.4,15434.66117
Spain,2008,45668939,186437.1235,16.80308556,1109541,20212.94772
France,2008,64007193,287184.0805,14.41412183,1992380,26640.69208
Croatia,2008,4311967,30247.44124,62.58056764,48333.6,4194.410291
Italy,2008,58652875,494608.2056,30.2014036,1637699.4,19489.09059
Cyprus,2008,776333,2122.86203,11.16731562,19009.6,21751.926
Latvia,2008,2191810,12291.47339,50.10485861,24531.5,5584.437798
Lithuania,2008,3212605,5560.46301,17.02524796,32660.1,8435.408956
Luxembourg,2008,483799,6135.11069,15.33409654,40009.6,70017.69187
Hungary,2008,10045401,48756.6903,44.98729484,108378.8,5935.264277
Malta,2008,407832,1077.69107,17.36530889,6206,12574.56239
Netherlands,2008,16405399,94220.89239,14.55827929,647198,33707.01972
Austria,2008,8307989,43700.85687,14.8762848,293761.9,30098.86546
Poland,2008,38115641,181124.5701,49.48211199,366040.5,4851.44484
Portugal,2008,10553339,49360.49695,27.55986894,179102.8,12293.95768
Romania,2008,20635460,127982.5594,87.30611605,146590.6,901.7507073
Slovenia,2008,2010269,20701.17294,54.58349599,37925.7,8568.269749
Slovakia,2008,5376064,28582.25894,43.24217934,66098.1,6978.309979
Finland,2008,5300484,14032.90942,7.223591187,194265,34002.94965
Sweden,2008,9182927,10952.35726,3.08620472,354881.1,37453.06292
Norway,2008,4737171,11681.64582,3.684811856,317021.5,64456.16048
Switzerland,2008,7593494,33852.87095,8.69974868,389124.7,46786.34487
United Kingdom,2008,61571647,314954.2896,15.78042335,1995854.5,27299.90657
Belgium,2009,10753080,83377.47841,24.06465339,346472.8,24466.97333
Bulgaria,2009,7467119,55677.24094,148.7992072,37417.7,-2445.326094
Czechia,2009,10425783,74882.01051,50.05933725,149586.5,7165.360097
Denmark,2009,5511451,19886.73502,8.598628067,231278,38354.92051
Germany,2009,82002356,385643.5201,15.76803327,2445730,25122.28405
Estonia,2009,1335740,3980.86617,28.16936272,14131.9,7599.55817
Ireland,2009,4521322,17906.97982,10.56336215,169519.7,33532.8296
Greece,2009,11094745,66254.96557,27.89281104,237534.2,15437.87031
Spain,2009,46239273,170404.7192,15.93575741,1069323,19440.57989
France,2009,64350226,267915.1849,13.83557845,1936422,25928.53077
Croatia,2009,4309796,28692.39156,63.18086975,45413.1,3879.698352
Italy,2009,59000586,450565.4648,28.56641492,1577255.9,19096.25839
Cyprus,2009,796930,1984.14426,10.62431667,18675.5,20944.56946
Latvia,2009,2162834,11755.488,62.12603319,18922,3313.482218
Lithuania,2009,3183856,4710.27557,17.51227115,26897,6968.507505
Luxembourg,2009,493500,5648.56156,14.46468709,39050.7,67684.1711
Hungary,2009,10030975,51549.21326,54.46988869,94638,4295.573136
Malta,2009,410926,932.27383,14.89350486,6259.6,12964.19835
Netherlands,2009,16485787,87724.75611,14.03951017,624842,32580.62499
Austria,2009,8335003,40914.81095,14.20436147,288044,29649.5621
Poland,2009,38135876,168965.2138,53.29450353,317040.6,3882.836892
Portugal,2009,10563014,46244.23767,26.36255086,175416.4,12228.72206
Romania,2009,20440290,114328.9081,91.30688213,125213.9,532.5262959
Slovenia,2009,2032362,18316.3184,50.52094586,36254.9,8826.469694
Slovakia,2009,5382401,26392.66409,41.1770937,64095.5,7004.835929
Finland,2009,5326314,11648.51167,6.409190617,181747,31935.49767
Sweden,2009,9256347,9985.22764,3.173565656,314637.5,32912.79728
Norway,2009,4799252,10528.38729,3.783833223,278246.6,55783.32055
Switzerland,2009,7701856,32083.03191,7.976159284,402236.6,48060.30755
United Kingdom,2009,62042343,282623.5226,16.26080029,1738066.5,23458.86546
Belgium,2010,10839905,83877.66529,23.09788021,363140.1,25762.443
Bulgaria,2010,7421766,53291.07646,139.1960707,38284.9,-2021.914523
Czechia,2010,10462088,76301.33383,48.3162027,157920.8,7801.450931
Denmark,2010,5534738,19730.97438,8.114219531,243165.4,40369.46747
Germany,2010,81802257,397451.1392,15.49879657,2564400,26490.08646
Estonia,2010,1333290,5212.67763,35.36152411,14741.1,7146.54904
Ireland,2010,4549428,17200.2695,10.2754798,167391.4,33013.1899
Greece,2010,11119289,51475.75847,22.96753515,224124,15526.91377
Spain,2010,46486619,161467.2857,15.0522915,1072709,19602.23681
France,2010,64658856,266626.4792,13.36280003,1995289,26735.12381
Croatia,2010,4302847,26339.05303,57.78896185,45578,4471.213355
Italy,2010,59190143,439373.5157,27.26861125,1611279.4,19799.00411
Cyprus,2010,819140,2004.97427,10.32959438,19410,21247.92554
Latvia,2010,2120504,12022.69865,67.0254977,17937.5,2789.337511
Lithuania,2010,3141976,4509.68347,16.08659358,28033.8,7487.045264
Luxembourg,2010,502066,5784.54973,13.64193726,42402.7,72934.9334
Hungary,2010,10014324,51638.20522,51.73453492,99813.8,4810.668676
Malta,2010,414027,1010.39077,14.82424323,6815.8,14021.81314
Netherlands,2010,16574989,87794.95605,13.73541015,639187,33266.5104
Austria,2010,8351643,41709.09057,14.09583299,295896.6,30435.62918
Poland,2010,38022869,177091.3069,48.89446613,362190.9,4868.112217
Portugal,2010,10573479,44453.21777,24.74974655,179610.8,12782.69737
Romania,2010,20294683,108715.2541,86.64482451,125472.3,825.6865042
Slovenia,2010,2046976,18189.60143,50.02104128,36363.9,8878.608528
Slovakia,2010,5390410,27751.27084,40.51747696,68492.1,7558.020477
Finland,2010,5351427,14267.56386,7.583361518,188143,32491.41512
Sweden,2010,9340682,10615.8861,2.83320579,374695.2,38977.80846
Norway,2010,4858199,11555.62015,3.569183355,323760.9,64263.58407
Switzerland,2010,7785806,32070.47945,7.03402259,455933.7,54440.50629
United Kingdom,2010,62510197,289099.2307,15.4418873,1872175.5,25325.08847
Belgium,2011,11000638,74689.41289,19.86590684,375967.8,27387.35582
Bulgaria,2011,7369431,61842.21861,149.0931983,41478.9,-2763.214502
Czechia,2011,10486731,74838.2007,45.30097099,165202.2,8616.984578
Denmark,2011,5560628,18302.47894,7.383607521,247879.9,41286.2398
Germany,2011,80222065,389349.5829,14.45483237,2693560,28722.90083
Estonia,2011,1329660,5399.98724,32.37926547,16677.3,8481.350691
Ireland,2011,4570881,15773.91191,9.18673147,171703.2,34113.61794
Greece,2011,11123392,46213.40271,22.73071264,203308.2,14122.92197
Spain,2011,46667174,162957.6264,15.31897861,1063763,19302.76244
France,2011,64978721,243918.5608,11.85008912,2058369,27923.76352
Croatia,2011,4289857,25337.67938,55.83618574,45378.6,4671.698991
Italy,2011,59364690,385363.7388,23.37300277,1648755.8,21281.87751
Cyprus,2011,839751,1968.92885,9.94257865,19803,21237.33244
Latvia,2011,2074605,6649.18771,33.81057516,19666,6274.356945
Lithuania,2011,3052588,4609.74569,14.71953332,31317.2,8749.118554
Luxembourg,2011,511840,5676.67736,12.80737613,44323.5,75505.67099
Hungary,2011,9985722,53274.30331,52.13081391,102193.5,4898.914339
Malta,2011,414989,940.94076,13.58837709,6924.6,14418.83819
Netherlands,2011,16655799,83111.6318,12.77934676,650359,34057.04933
Austria,2011,8375164,40226.63301,12.97094819,310128.7,32226.48141
Poland,2011,38062718,171718.9722,45.20585801,379860,5468.370067
Portugal,2011,10572721,44743.35758,25.40847422,176096.2,12423.74999
Romania,2011,20199059,104618.1701,79.35141114,131841.6,1347.757335
Slovenia,2011,2050189,17935.37496,48.39733546,37058.6,9327.542505
Slovakia,2011,5392446,26295.19638,36.78828097,71477.1,8378.740115
Finland,2011,5375276,12688.86186,6.408580824,197998,34474.34851
Sweden,2011,9415570,9926.64056,2.404449072,412844.7,42792.74217
Norway,2011,4920305,11099.06943,3.097361423,358339.5,70572.94834
Switzerland,2011,7870134,30155.46385,5.796882487,520201.4,62266.53017
United Kingdom,2011,63022532,269869.1906,14.10808311,1912869.3,26070.04284
Belgium,2012,11075889,72645.93538,18.81167652,386174.7,28307.32275
Bulgaria,2012,7327224,52520.62072,124.2891575,42256.8,-1400.778893
Czechia,2012,10505445,72571.40966,44.63529463,162587.5,8568.517596
Denmark,2012,5580516,17087.49848,6.712087643,254578,42557.08639
Germany,2012,80327900,385441.2514,14.03999007,2745310,29377.9465
Estonia,2012,1325217,4442.16419,24.79342842,17916.7,10167.79577
Ireland,2012,4589287,15865.60433,9.034289891,175615.4,34809.28425
Greece,2012,11086406,43796.59073,23.24899206,188380.6,13041.55822
Spain,2012,46818219,154104.1463,14.94562077,1031099,18731.91404
France,2012,65276983,242788.981,11.6233491,2088804,28279.72333
Croatia,2012,4275984,23928.44861,53.79161896,44483.6,4807.116067
Italy,2012,59394207,403765.9578,24.85694556,1624358.7,20550.70358
Cyprus,2012,862011,1743.78502,8.969718427,19440.8,20529.91781
Latvia,2012,2044813,6610.60027,29.91560253,22097.5,7573.748666
Lithuania,2012,3003641,4564.03166,13.66059365,33410.2,9603.733715
Luxembourg,2012,524853,5461.20441,11.73791199,46526.2,78240.94668
Hungary,2012,9931925,52498.45863,52.35124692,100281.2,4811.025191
Malta,2012,417546,1192.82763,16.19699409,7364.5,14780.82024
Netherlands,2012,16730348,79371.96046,12.15560388,652966,34284.64486
Austria,2012,8408121,39357.51065,12.35121297,318653,33217.34896
Poland,2012,38063792,166911.4399,43.02428937,387947,5806.97688
Portugal,2012,10542398,41845.96112,24.8645604,168295.6,11994.39054
Romania,2012,20095996,100747.6623,75.91496597,132711.2,1590.542598
Slovenia,2012,2055496,17286.91356,47.68369655,36253.3,9227.158039
Slovakia,2012,5404322,26027.51117,35.47877227,73360.8,8758.413882
Finland,2012,5401267,11366.35433,5.653861891,201037,35115.9544
Sweden,2012,9482855,9211.95315,2.142129865,430037.1,44377.47354
Norway,2012,4985870,11399.42698,2.874842722,396523.5,77243.10361
Switzerland,2012,7954662,30106.71935,5.591481923,538439,63903.69329
United Kingdom,2012,63495088,278674.2036,13.20087108,2111028.9,28858.21178
Belgium,2013,11137974,71680.54303,18.24489489,392880,28838.23009
Bulgaria,2013,7284552,44404.78096,105.5994525,42050.2,-323.2293434
Czechia,2013,10516125,71806.44321,45.03058306,159461.5,8335.300007
Denmark,2013,5602628,17006.5548,6.572767,258742.7,43146.92055
Germany,2013,80523746,386353.1547,13.74262026,2811350,30115.30096
Estonia,2013,1320174,5185.07985,27.41861714,18910.8,10396.90234
Ireland,2013,4609779,16047.73716,8.942355832,179457.6,35448.52429
Greece,2013,11003615,40696.90249,22.62391986,179884.4,12649.25186
Spain,2013,46727890,147023.4182,14.40914455,1020348,18689.57879
France,2013,65600350,238547.328,11.26717208,2117189,28637.67757
Croatia,2013,4262140,22488.21473,50.72979722,44329.4,5124.464534
Italy,2013,59685227,379232.1529,23.51460841,1612751.3,20667.07641
Cyprus,2013,865878,1504.87645,8.362747708,17995,19044.39604
Latvia,2013,2023825,6331.79431,27.78162856,22791.3,8132.870031
Lithuania,2013,2971905,4173.07105,11.90961929,35039.5,10386.07524
Luxembourg,2013,537039,5096.50276,10.38100553,49094.5,81927.00575
Hungary,2013,9908798,52509.21725,51.34065265,102276.1,5022.494429
Malta,2013,422509,848.33696,10.67856148,7944.3,16794.82103
Netherlands,2013,16779575,77355.71702,11.7123468,660463,34751.01622
Austria,2013,8451860,39163.47809,12.09084434,323910.2,33690.42103
Poland,2013,38062535,161502.1241,41.16689248,392310.7,6063.930737
Portugal,2013,10487289,39226.50059,23.00778428,170492.3,12516.65701
Romania,2013,20020074,92184.84748,64.15518885,143690.4,2572.695412
Slovenia,2013,2058821,17058.23445,46.7934769,36454.3,9420.957699
Slovakia,2013,5410836,24874.40078,33.51563689,74217.3,9119.274585
Finland,2013,5426674,11871.01826,5.809984417,204321,35463.70792
Sweden,2013,9555893,9146.23868,2.069983974,441850.7,45281.42596
Norway,2013,5051275,10826.2165,2.751900631,393408.7,75739.7852
Switzerland,2013,8039060,29868.75379,5.565956501,536632.9,63037.73653
United Kingdom,2013,63905342,268003.2968,12.78435523,2096338,28610.04489
Belgium,2014,11180840,65465.273,16.2443516,403003.3,30188.96854
Bulgaria,2014,7245677,44721.87694,103.9415166,43026,-234.0536212
Czechia,2014,10512419,69836.83975,44.25057945,157821.3,8369.573192
Denmark,2014,5627235,16027.25747,6.030794098,265757,44378.76551
Germany,2014,80767463,373338.9486,12.75312983,2927430,31622.7718
Estonia,2014,1315819,4891.00685,24.39623931,20048.2,11519.2083
Ireland,2014,4637852,15320.2654,7.853115152,195085.2,38760.38619
Greece,2014,10926807,40107.65899,22.62952165,177236,12549.7175
Spain,2014,46512199,144211.1366,13.97180825,1032158,19090.62316
France,2014,66165980,218190.6405,10.14951125,2149765,29192.86255
Croatia,2014,4246809,20240.84255,46.08717616,43918.6,5575.423206
Italy,2014,60782668,353368.6863,21.71362113,1627405.6,20960.52963
Cyprus,2014,858000,1607.40657,9.221962858,17430.2,18441.48418
Latvia,2014,2001468,6625.65837,28.04416515,23625.8,8493.836339
Lithuania,2014,2943472,4261.08233,11.64825288,36581.3,10980.3041
Luxembourg,2014,549680,4938.84752,9.536056287,51791.3,85235.86901
Hungary,2014,9877365,48764.0091,45.87489967,106297.8,5824.811668
Malta,2014,429424,933.31235,10.6650861,8751.1,18205.28813
Netherlands,2014,16829289,74663.95514,11.11798724,671560,35467.69236
Austria,2014,8507786,37630.91769,11.29562006,333146.1,34734.67507
Poland,2014,38017856,155423.2441,38.00378516,408967.8,6669.091384
Portugal,2014,10427301,37680.73908,21.77401528,173053.7,12982.55041
Romania,2014,19947311,90035.78374,59.74163634,150708.6,3041.653898
Slovenia,2014,2061085,15757.51378,41.87008601,37634.3,10614.20864
Slovakia,2014,5415949,21353.19986,28.06208724,76092.7,10107.09298
Finland,2014,5451270,11009.69244,5.321339816,206897,35934.25157
Sweden,2014,9644864,8594.06435,1.958386613,438833.9,44608.18065
Norway,2014,5107970,10702.39338,2.846780221,375947.3,71504.90442
Switzerland,2014,8139631,28389.11894,5.124924395,553942.2,64567.18751
United Kingdom,2014,64351203,249219.3903,10.78367554,2311080.2,32040.75003
Belgium,2015,11237274,67626.35979,16.2289735,416701.4,31064.0321
Bulgaria,2015,7202198,43458.72534,94.8625704,45812.3,326.7856091
Czechia,2015,10538275,70187.76455,41.39449732,169558.2,9429.478302
Denmark,2015,5659715,15614.53605,5.719241562,273017.6,45479.8632
Germany,2015,81197537,370193.91,12.23304331,3026180,32710.18048
Estonia,2015,1314870,4132.47162,20.03001066,20631.4,12547.95408
Ireland,2015,4677627,15697.12233,5.96903455,262975.9,52864.15049
Greece,2015,10858018,37148.33098,21.06285801,176368.9,12821.91363
Spain,2015,46449565,149805.0333,13.90185815,1077590,19974.02918
France,2015,66458153,217264.0134,9.882680628,2198432,29810.75906
Croatia,2015,4225316,21622.11509,47.85114723,45186.2,5576.881092
Italy,2015,60795612,354091.4665,21.39066644,1655355,21403.90549
Cyprus,2015,847008,1508.72988,8.436199284,17884,19333.0761
Latvia,2015,1986096,6131.32565,24.95238767,24572.1,9284.93605
Lithuania,2015,2921262,4375.47783,11.71614893,37345.7,11286.29413
Luxembourg,2015,562958,4539.61862,8.384606158,54142.3,88110.8029
Hungary,2015,9855571,50157.83808,44.45686725,112823.6,6358.410073
Malta,2015,439691,631.762,6.319705503,9996.7,21298.90764
Netherlands,2015,16900726,75638.48528,10.96197222,690008,36351.66411
Austria,2015,8584926,37521.2745,10.89881828,344269.2,35730.99238
Poland,2015,38005614,154490.374,35.88911686,430465.8,7261.438429
Portugal,2015,10374822,38681.52138,21.52402905,179713.2,13593.64803
Romania,2015,19870647,86744.80067,54.16478864,160149.8,3694.142387
Slovenia,2015,2062874,15928.23986,40.99658674,38852.6,11112.82615
Slovakia,2015,5421349,24603.70495,30.79770948,79888.1,10197.53479
Finland,2015,5471753,10288.53256,4.86720087,211385,36751.74436
Sweden,2015,9747355,8462.20194,1.857804699,455494.7,45861.9285
Norway,2015,5166493,11239.71321,3.233220754,347632.1,65110.39244
Switzerland,2015,8237666,26948.64033,4.258833231,632770.5,73542.90155
United Kingdom,2015,64853393,238247.7706,9.008442706,2644716.5,37106.28879
Belgium,2016,11311117,65936.59628,15.33105091,430085.3,32193.8765
Bulgaria,2016,7153784,39481.23908,80.94879981,48773.1,1298.873564
Czechia,2016,10553843,65852.39489,37.11279958,177438.5,10573.03061
Denmark,2016,5707251,15917.49108,5.622375736,283109.7,46816.2709
Germany,2016,82175684,361362.9192,11.52768393,3134740,33749.36412
Estonia,2016,1315944,4355.3467,20.02651612,21747.9,13216.78833
Ireland,2016,4726286,15770.49983,5.83648797,270205.3,53833.983
Greece,2016,10783748,35496.55686,20.34254254,174494.2,12889.54853
Spain,2016,46440099,143058.7861,12.84374651,1113840,20903.94368
France,2016,66638391,213226.3402,9.544047823,2234129,30326.40239
Croatia,2016,4190669,21015.54156,44.48081979,47246.3,6259.324809
Italy,2016,60665551,347841.3903,20.51209446,1695786.8,22219.289
Cyprus,2016,848319,1665.92188,8.800757978,18929.3,20350.10193
Latvia,2016,1968957,5801.38484,22.8659345,25371.3,9939.229328
Lithuania,2016,2888558,4411.35849,11.34319834,38889.9,11936.24691
Luxembourg,2016,576249,4258.79427,7.576833713,56208.1,90150.79545
Hungary,2016,9830485,48774.68196,41.94610736,116279.4,6866.875647
Malta,2016,450415,569.85884,5.40606616,10541.1,22137.89763
Netherlands,2016,16979120,73821.43499,10.4217957,708337,37370.34458
Austria,2016,8700471,36891.10899,10.31607486,357608,36862.01483
Poland,2016,37967209,151474.4422,35.46648336,427091.8,7259.352612
Portugal,2016,10341330,38888.73376,20.85300845,186489.8,14272.92875
Romania,2016,19760585,82239.80695,48.35832222,170063.4,4444.382241
Slovenia,2016,2064188,15921.87203,39.36847735,40443.2,11879.40632
Slovakia,2016,5426252,21956.31988,27.10178312,81014.3,10883.75183
Finland,2016,5487308,10784.01737,4.957758608,217518,37674.9369
Sweden,2016,9851017,8387.88807,1.798947184,466266.5,46480.33923
Norway,2016,5210721,10720.62545,3.214857006,333471.3,61939.73436
Switzerland,2016,8327126,26536.33025,4.22062684,628729.6,72317.0599
United Kingdom,2016,65379044,221962.2929,9.118793069,2434119.2,33835.87113
Belgium,2017,11351727,62707.23128,14.08992634,445050.1,33681.47144
Bulgaria,2017,7101859,39195.01215,74.61268263,52531.3,1877.85872
Czechia,2017,10578820,65647.04473,33.81551748,194132.9,12145.57534
Denmark,2017,5748769,15485.94269,5.252887365,294808.2,48588.18598
Germany,2017,82521653,354239.8114,10.84243843,3267160,35298.85894
Estonia,2017,1315635,4724.54621,19.82304901,23833.6,14524.58607
Ireland,2017,4784383,15861.62277,5.326925144,297763.2,58921.19783
Greece,2017,10768193,36333.14777,20.53841123,176903.4,13054.20995
Spain,2017,46528024,144404.5937,12.42866814,1161867,21867.73301
France,2017,66809816,209828.9247,9.133949521,2297242,31244.10753
Croatia,2017,4154213,20821.93942,41.73670126,49888.8,6996.959612
Italy,2017,60589445,350235.8227,20.16798772,1736592.8,22881.16317
Cyprus,2017,854802,1651.95555,8.159699041,20245.3,21751.63892
Latvia,2017,1950116,5907.6908,21.89298558,26984.4,10807.92589
Lithuania,2017,2847904,4437.29752,10.49594577,42276.3,13286.61446
Luxembourg,2017,590667,4068.75797,6.994742835,58168.8,91591.44159
Hungary,2017,9797561,48187.27609,37.92899902,127046,8048.811731
Malta,2017,460297,529.75962,4.436476175,11941,24791.03792
Netherlands,2017,17081507,72491.62144,9.82077007,738146,38969.30046
Austria,2017,8772865,36388.36686,9.851683907,369361.9,37954.9364
Poland,2017,37972964,155765.1318,33.32397681,467426.6,8207.456974
Portugal,2017,10309573,41448.44217,21.15286269,195947.2,14985.9512
Romania,2017,19643949,81936.64358,43.63607893,187772.7,5387.717939
Slovenia,2017,2065895,15632.21975,36.34444844,43011.3,13252.89051
Slovakia,2017,5435343,22504.76207,26.65086357,84442.9,11395.44237
Finland,2017,5503297,10343.40305,4.570639569,226301,39241.49414
Sweden,2017,9995153,8872.93186,1.848429273,480025.5,47138.10465
Norway,2017,5258317,10400.33335,2.943631643,353316.4,65214.03458
Switzerland,2017,8419550,25886.97616,4.148593762,623994,71037.8849
United Kingdom,2017,65844142,219688.0147,9.309642977,2359789.9,32502.5404
Belgium,2018,11398589,60723.17825,13.19805992,460091.7,35036.66302
Bulgaria,2018,7050034,37741.62606,67.12641608,56224.7,2621.699972
Czechia,2018,10610055,64211.05112,30.43603306,210970.5,13832.1101
Denmark,2018,5781190,15325.21261,5.069056497,302328.7,49644.3617
Germany,2018,82792351,341482.5209,10.14671206,3365450,36524.72049
Estonia,2018,1319133,4321.99639,16.74043927,25817.7,16295.32701
Ireland,2018,4830392,15825.38649,4.845030617,326631.3,64343.82831
Greece,2018,10741165,34438.776,19.17978232,179557.7,13510.53857
Spain,2018,46658447,145365.4121,12.08097443,1203259,22673.14186
France,2018,67026224,199990.9017,8.462336306,2363306,32275.65226
Croatia,2018,4105493,19970.85913,37.90342374,52688.8,7969.308648
Italy,2018,60483973,326971.9718,18.4584846,1771391.2,23881.02429
Cyprus,2018,864236,1652.56171,7.646288323,21612.6,23095.58765
Latvia,2018,1934379,6388.7267,21.91402331,29153.6,11768.56929
Lithuania,2018,2808901,4454.3219,9.786535149,45514.8,14617.98693
Luxembourg,2018,602005,3966.63411,6.571387574,60362.2,93679.56394
Hungary,2018,9778371,45039.99545,33.09977957,136073.4,9309.669734
Malta,2018,475701,526.48571,4.064020363,12954.8,26126.31525
Netherlands,2018,17181084,70217.08853,9.072127637,773987,40961.90389
Austria,2018,8822267,34450.2923,8.938284149,385424,39782.71205
Poland,2018,37976687,153588.6931,30.85087247,497842.3,9064.866741
Portugal,2018,10291027,38311.73006,18.67188055,205184.1,16215.32719
Romania,2018,19533481,82613.38142,40.39835392,204496.9,6239.723405
Slovenia,2018,2066880,14860.22367,32.40048593,45864.2,15000.3756
Slovakia,2018,5443120,20399.89196,22.81101639,89430,12682.08455
Finland,2018,5513130,11264.48643,4.824976412,233462,40303.33287
Sweden,2018,10120242,8410.26686,1.78685947,470673.1,45677.05329
Norway,2018,5295619,10475.33944,2.828922682,370294.3,67946.53478
Switzerland,2018,8484130,25202.56463,4.047005461,622746,70430.726
United Kingdom,2018,66273576,215700.4388,8.90993797,2420897.2,33274.14777
Belgium,2019,11455519,58647.50402,12.26322326,478238.9,36627.88181
Bulgaria,2019,7000039,33705.37847,54.75385566,61558,3978.923765
Czechia,2019,10649800,60325.16193,26.73827671,225613.5,15520.32321
Denmark,2019,5806081,14179.80313,4.581128825,309526.4,50868.49406
Germany,2019,83019213,324979.9957,9.356627368,3473260,37922.30606
Estonia,2019,1324820,2868.04425,10.34189104,27732.3,18768.02566
Ireland,2019,4904240,14719.10663,4.126413461,356704.6,69732.61777
Greece,2019,10724599,33216.06622,18.12605387,183250.4,13989.73834
Spain,2019,46937060,137422.2003,11.04347165,1244375,23583.76941
France,2019,67177636,192004.9241,7.876688845,2437635,33428.23906
Croatia,2019,4076246,19451.801,35.00325887,55571.4,8860.995877
Italy,2019,59816673,320560.1973,17.84226687,1796633.8,24676.62491
Cyprus,2019,875899,1624.53465,7.060155194,23009.9,24415.33253
Latvia,2019,1919968,6123.37661,19.98021552,30647.2,12773.03757
Lithuania,2019,2794184,4486.18221,9.181726139,48859.9,15880.74293
Luxembourg,2019,613894,3782.107,6.031664546,62704.2,95980.89084
Hungary,2019,9772756,43407.57448,29.70818138,146113.2,10509.38195
Malta,2019,493559,543.2841,3.86758904,14047.1,27360.08441
Netherlands,2019,17282163,67130.87846,8.256622056,813055,43161.5025
Austria,2019,8858775,33908.50176,8.530043699,397518.5,41045.17817
Poland,2019,37972812,144989.6625,27.17198082,533599.9,10233.90729
Portugal,2019,10276617,37638.98401,17.55757632,214374.6,17197.84011
Romania,2019,19414458,83967.0667,37.62597511,223162.5,7169.679076
Slovenia,2019,2080908,13348.04384,27.58048346,48396.7,16842.96286
Slovakia,2019,5450421,19526.3005,20.7620582,94048,13672.65015
Finland,2019,5517919,9887.20951,4.122109544,239858,41677.08705
Sweden,2019,10230185,7737.17908,1.622494011,476869.5,45857.6576
Norway,2019,5328212,9798.113715,2.70864709,361734.6,66051.51715
Switzerland,2019,8544527,24310.25745,3.7186852,653732.6,73663.8017
United Kingdom,2019,66647112,208353.2035,8.246336975,2526615.2,34784.13283
